first_name,last_name,email,phone,date_of_birth
James,Smith,james.smith@email.com,555-0101,1985-03-15
Mary,Johnson,mary.johnson@email.com,555-0102,1990-07-22
Robert,Williams,robert.williams@email.com,555-0103,1988-11-08
Patricia,Brown,patricia.brown@email.com,555-0104,1992-05-14
Michael,Jones,michael.jones@email.com,555-0105,1987-09-30
Jennifer,Garcia,jennifer.garcia@email.com,555-0106,1991-02-18
William,Miller,william.miller@email.com,555-0107,1989-12-25
Linda,Davis,linda.davis@email.com,555-0108,1993-06-03
David,Rodriguez,david.rodriguez@email.com,555-0109,1986-10-19
Barbara,Martinez,barbara.martinez@email.com,555-0110,1994-04-07
Richard,Hernandez,richard.hernandez@email.com,555-0111,1984-08-12
Susan,Lopez,susan.lopez@email.com,555-0112,1995-01-28
Joseph,Gonzalez,joseph.gonzalez@email.com,555-0113,1983-07-16
Jessica,Wilson,jessica.wilson@email.com,555-0114,1996-11-09
Thomas,Anderson,thomas.anderson@email.com,555-0115,1982-03-24
Sarah,Thomas,sarah.thomas@email.com,555-0116,1997-09-05
Charles,Taylor,charles.taylor@email.com,555-0117,1981-05-21
Karen,Moore,karen.moore@email.com,555-0118,1998-02-14
Christopher,Jackson,christopher.jackson@email.com,555-0119,1980-12-01
Nancy,Martin,nancy.martin@email.com,555-0120,1999-08-27
Daniel,Lee,daniel.lee@email.com,555-0121,1985-04-13
Lisa,Perez,lisa.perez@email.com,555-0122,1990-10-06
Matthew,Thompson,matthew.thompson@email.com,555-0123,1988-06-29
Betty,White,betty.white@email.com,555-0124,1992-01-17
Mark,Harris,mark.harris@email.com,555-0125,1987-11-22
Dorothy,Sanchez,dorothy.sanchez@email.com,555-0126,1991-07-08
Donald,Clark,donald.clark@email.com,555-0127,1989-03-31
Sandra,Ramirez,sandra.ramirez@email.com,555-0128,1993-12-15
Kenneth,Lewis,kenneth.lewis@email.com,555-0129,1986-08-04
Ashley,Robinson,ashley.robinson@email.com,555-0130,1994-05-20
Steven,Walker,steven.walker@email.com,555-0131,1984-02-11
Kimberly,Young,kimberly.young@email.com,555-0132,1995-10-26
Paul,Allen,paul.allen@email.com,555-0133,1983-06-18
Emily,King,emily.king@email.com,555-0134,1996-03-09
Andrew,Wright,andrew.wright@email.com,555-0135,1982-11-23
Donna,Scott,donna.scott@email.com,555-0136,1997-07-14
Joshua,Torres,joshua.torres@email.com,555-0137,1981-04-02
Michelle,Nguyen,michelle.nguyen@email.com,555-0138,1998-12-28
Kevin,Hill,kevin.hill@email.com,555-0139,1980-09-16
Carol,Flores,carol.flores@email.com,555-0140,1999-05-07
Brian,Green,brian.green@email.com,555-0141,1985-01-25
Amanda,Adams,amanda.adams@email.com,555-0142,1990-08-11
George,Nelson,george.nelson@email.com,555-0143,1988-04-19
Melissa,Baker,melissa.baker@email.com,555-0144,1992-12-30
Edward,Hall,edward.hall@email.com,555-0145,1987-09-06
Deborah,Rivera,deborah.rivera@email.com,555-0146,1991-05-24
Ronald,Campbell,ronald.campbell@email.com,555-0147,1989-02-15
Stephanie,Mitchell,stephanie.mitchell@email.com,555-0148,1993-10-03
Timothy,Carter,timothy.carter@email.com,555-0149,1986-06-21
Rebecca,Roberts,rebecca.roberts@email.com,555-0150,1994-03-12
Jason,Gomez,jason.gomez@email.com,555-0151,1984-11-27
Laura,Phillips,laura.phillips@email.com,555-0152,1995-07-18
Jeffrey,Evans,jeffrey.evans@email.com,555-0153,1983-04-08
Cynthia,Turner,cynthia.turner@email.com,555-0154,1996-12-23
Ryan,Diaz,ryan.diaz@email.com,555-0155,1982-08-14
Kathleen,Parker,kathleen.parker@email.com,555-0156,1997-05-05
Jacob,Cruz,jacob.cruz@email.com,555-0157,1981-01-29
Amy,Edwards,amy.edwards@email.com,555-0158,1998-09-20
Gary,Collins,gary.collins@email.com,555-0159,1980-06-10
Angela,Reyes,angela.reyes@email.com,555-0160,1999-02-26
Nicholas,Stewart,nicholas.stewart@email.com,555-0161,1985-11-13
Shirley,Morris,shirley.morris@email.com,555-0162,1990-07-01
Eric,Morales,eric.morales@email.com,555-0163,1988-03-22
Helen,Murphy,helen.murphy@email.com,555-0164,1992-11-08
Jonathan,Cook,jonathan.cook@email.com,555-0165,1987-06-29
Anna,Rogers,anna.rogers@email.com,555-0166,1991-04-16
Stephen,Morgan,stephen.morgan@email.com,555-0167,1989-01-07
Brenda,Peterson,brenda.peterson@email.com,555-0168,1993-09-24
Larry,Cooper,larry.cooper@email.com,555-0169,1986-05-14
Pamela,Reed,pamela.reed@email.com,555-0170,1994-02-04
Justin,Bailey,justin.bailey@email.com,555-0171,1984-10-21
Nicole,Bell,nicole.bell@email.com,555-0172,1995-06-12
Scott,Gomez,scott.gomez@email.com,555-0173,1983-03-03
Katherine,Kelly,katherine.kelly@email.com,555-0174,1996-11-19
Brandon,Howard,brandon.howard@email.com,555-0175,1982-07-10
Christine,Ward,christine.ward@email.com,555-0176,1997-04-01
Frank,Cox,frank.cox@email.com,555-0177,1981-12-22
Samantha,Diaz,samantha.diaz@email.com,555-0178,1998-08-13
Raymond,Richardson,raymond.richardson@email.com,555-0179,1980-05-04
Catherine,Wood,catherine.wood@email.com,555-0180,1999-01-25
Gregory,Watson,gregory.watson@email.com,555-0181,1985-10-16
Janet,Brooks,janet.brooks@email.com,555-0182,1990-06-07
Jack,Bennett,jack.bennett@email.com,555-0183,1988-02-28
Rachel,Gray,rachel.gray@email.com,555-0184,1992-10-14
Dennis,James,dennis.james@email.com,555-0185,1987-07-05
Carolyn,Reyes,carolyn.reyes@email.com,555-0186,1991-03-26
Jerry,Cruz,jerry.cruz@email.com,555-0187,1989-12-16
Maria,Hughes,maria.hughes@email.com,555-0188,1993-08-07
Alexander,Price,alexander.price@email.com,555-0189,1986-04-28
Heather,Myers,heather.myers@email.com,555-0190,1994-01-18
Tyler,Long,tyler.long@email.com,555-0191,1984-09-09
Diane,Foster,diane.foster@email.com,555-0192,1995-05-31
Aaron,Sanders,aaron.sanders@email.com,555-0193,1983-02-21
Julie,Ross,julie.ross@email.com,555-0194,1996-10-12
Jose,Jenkins,jose.jenkins@email.com,555-0195,1982-06-03
Joyce,Perry,joyce.perry@email.com,555-0196,1997-02-24
Adam,Powell,adam.powell@email.com,555-0197,1981-11-14
Virginia,Patterson,virginia.patterson@email.com,555-0198,1998-07-06
Nathan,Hughes,nathan.hughes@email.com,555-0199,1980-03-27
Kelly,Washington,kelly.washington@email.com,555-0200,1999-12-17
Harold,Butler,harold.butler@email.com,555-0201,1985-09-08
Gloria,Simmons,gloria.simmons@email.com,555-0202,1990-05-30
Zachary,Barnes,zachary.barnes@email.com,555-0203,1988-01-21
Teresa,Ross,teresa.ross@email.com,555-0204,1992-09-12
Kyle,Henderson,kyle.henderson@email.com,555-0205,1987-05-03
Sara,Coleman,sara.coleman@email.com,555-0206,1991-01-24
Douglas,Jenkins,douglas.jenkins@email.com,555-0207,1989-10-15
Janice,Perry,janice.perry@email.com,555-0208,1993-06-06
Carl,Powell,carl.powell@email.com,555-0209,1986-02-26
Ruth,Patterson,ruth.patterson@email.com,555-0210,1994-11-17
Walter,Ramirez,walter.ramirez@email.com,555-0211,1984-07-08
Evelyn,Gibson,evelyn.gibson@email.com,555-0212,1995-03-30
Arthur,Stone,arthur.stone@email.com,555-0213,1983-12-20
Jean,Holland,jean.holland@email.com,555-0214,1996-08-11
Henry,Black,henry.black@email.com,555-0215,1982-04-02
Frances,Fox,frances.fox@email.com,555-0216,1997-12-23
Gerald,Graham,gerald.graham@email.com,555-0217,1981-09-14
Ann,Webb,ann.webb@email.com,555-0218,1998-05-05
Keith,Tucker,keith.tucker@email.com,555-0219,1980-01-26
Martha,Grant,martha.grant@email.com,555-0220,1999-10-17
Lawrence,Burns,lawrence.burns@email.com,555-0221,1985-06-08
Kathryn,Henry,kathryn.henry@email.com,555-0222,1990-02-28
Jeremy,Hunt,jeremy.hunt@email.com,555-0223,1988-11-19
Judith,Crawford,judith.crawford@email.com,555-0224,1992-07-10
Albert,Shaw,albert.shaw@email.com,555-0225,1987-03-01
Cheryl,Gibson,cheryl.gibson@email.com,555-0226,1991-11-22
Terry,Knight,terry.knight@email.com,555-0227,1989-08-13
Megan,Pierce,megan.pierce@email.com,555-0228,1993-04-04
Joe,Hamilton,joe.hamilton@email.com,555-0229,1986-12-25
Alice,Cunningham,alice.cunningham@email.com,555-0230,1994-09-16
Willie,Wade,willie.wade@email.com,555-0231,1984-05-07
Olivia,Elliott,olivia.elliott@email.com,555-0232,1995-01-28
Ralph,Lynch,ralph.lynch@email.com,555-0233,1983-10-19
Denise,Riley,denise.riley@email.com,555-0234,1996-06-10
Patrick,Marshall,patrick.marshall@email.com,555-0235,1982-02-01
Beverly,Carroll,beverly.carroll@email.com,555-0236,1997-10-23
Peter,Duncan,peter.duncan@email.com,555-0237,1981-07-14
Marilyn,Day,marilyn.day@email.com,555-0238,1998-03-05
Benjamin,Lawrence,benjamin.lawrence@email.com,555-0239,1980-11-25
Andrea,Ferguson,andrea.ferguson@email.com,555-0240,1999-08-16
Louis,Hart,louis.hart@email.com,555-0241,1985-04-07
Christina,Welch,christina.welch@email.com,555-0242,1990-12-28
Samuel,Garza,samuel.garza@email.com,555-0243,1988-08-19
Jacqueline,Schmidt,jacqueline.schmidt@email.com,555-0244,1992-04-10
Roy,Watts,roy.watts@email.com,555-0245,1987-01-01
Ann,Burton,ann.burton@email.com,555-0246,1991-09-22
Eugene,Bishop,eugene.bishop@email.com,555-0247,1989-05-13
Wanda,Mcdonald,wanda.mcdonald@email.com,555-0248,1993-02-03
Russell,Murray,russell.murray@email.com,555-0249,1986-10-25
Diana,Hamilton,diana.hamilton@email.com,555-0250,1994-06-16
Randy,Bates,randy.bates@email.com,555-0251,1984-03-07
Brittany,Meyer,brittany.meyer@email.com,555-0252,1995-11-27
Bruce,Rice,bruce.rice@email.com,555-0253,1983-07-19
Theresa,Warren,theresa.warren@email.com,555-0254,1996-04-09
Vincent,Stephens,vincent.stephens@email.com,555-0255,1982-12-30
Abigail,Fisher,abigail.fisher@email.com,555-0256,1997-08-21
Philip,Burke,philip.burke@email.com,555-0257,1981-05-12
Kathryn,Gardner,kathryn.gardner@email.com,555-0258,1998-01-03
Bobby,Payne,bobby.payne@email.com,555-0259,1980-09-24
Judy,Owens,judy.owens@email.com,555-0260,1999-06-15
Johnny,Vasquez,johnny.vasquez@email.com,555-0261,1985-02-05
Rose,Fields,rose.fields@email.com,555-0262,1990-10-27
Billy,Harper,billy.harper@email.com,555-0263,1988-07-18
Julia,Howell,julia.howell@email.com,555-0264,1992-03-09
Roger,Willis,roger.willis@email.com,555-0265,1987-11-29
Irene,Tucker,irene.tucker@email.com,555-0266,1991-08-20
Earl,Warren,earl.warren@email.com,555-0267,1989-04-11
Victoria,Cole,victoria.cole@email.com,555-0268,1993-01-02
Howard,George,howard.george@email.com,555-0269,1986-09-23
Grace,Richards,grace.richards@email.com,555-0270,1994-05-14
Craig,Carr,craig.carr@email.com,555-0271,1984-02-04
Natalie,Palmer,natalie.palmer@email.com,555-0272,1995-10-26
Alan,Stevens,alan.stevens@email.com,555-0273,1983-06-18
Jane,Hawkins,jane.hawkins@email.com,555-0274,1996-03-09
Sean,Little,sean.little@email.com,555-0275,1982-11-29
Phyllis,Spencer,phyllis.spencer@email.com,555-0276,1997-07-20
Christian,Knight,christian.knight@email.com,555-0277,1981-04-11
Norma,Fuller,norma.fuller@email.com,555-0278,1998-12-02
Dylan,Bradley,dylan.bradley@email.com,555-0279,1980-08-23
Gloria,Hammond,gloria.hammond@email.com,555-0280,1999-04-14
Austin,Bradley,austin.bradley@email.com,555-0281,1985-01-05
Paula,Pierce,paula.pierce@email.com,555-0282,1990-09-26
Jordan,Reid,jordan.reid@email.com,555-0283,1988-05-17
Doris,Coleman,doris.coleman@email.com,555-0284,1992-02-07
Jesse,Warner,jesse.warner@email.com,555-0285,1987-10-29
Lori,Webb,lori.webb@email.com,555-0286,1991-06-20
Joan,Bishop,joan.bishop@email.com,555-0287,1989-03-11
Juan,Douglas,juan.douglas@email.com,555-0288,1993-12-02
Alexis,Austin,alexis.austin@email.com,555-0289,1986-08-23
Wayne,Newman,wayne.newman@email.com,555-0290,1994-04-14
Ruby,Day,ruby.day@email.com,555-0291,1984-01-05
Logan,Gutierrez,logan.gutierrez@email.com,555-0292,1995-09-26
Jean,Holland,jean.holland2@email.com,555-0293,1983-05-17
Ethan,Hudson,ethan.hudson@email.com,555-0294,1996-02-07
Sharon,Hopkins,sharon.hopkins@email.com,555-0295,1982-10-29
Noah,Jimenez,noah.jimenez@email.com,555-0296,1997-06-20
Lillian,Porter,lillian.porter@email.com,555-0297,1981-03-11
Mason,Reeves,mason.reeves@email.com,555-0298,1998-11-02
Evelyn,Zimmerman,evelyn.zimmerman@email.com,555-0299,1980-07-24
Lucas,Wolfe,lucas.wolfe@email.com,555-0300,1999-03-15
